show_id,type,title,director,country,date_added,release_year,rating,duration,listed_in
s1,Movie,The Last Horizon,Sarah Johnson,United States,"January 15, 2021",2020,PG-13,118 min,"Dramas, Thrillers"
s2,TV Show,Criminal Minds Unraveled,Michael Chen,United States,"March 8, 2020",2019,TV-MA,3 Seasons,"Crime TV Shows, TV Dramas"
s3,Movie,Echoes of Silence,,United States,"July 22, 2021",2021,R,96 min,"Dramas, Independent Movies"
s4,Movie,Steel Thunder,James Wilson,United States,"November 3, 2019",2019,PG-13,132 min,"Action & Adventure"
s5,TV Show,The Arrangement,Maria Garcia,United States,"February 14, 2022",2021,TV-14,2 Seasons,"TV Dramas, Romantic TV Shows"
s6,Movie,Mumbai Dreams,Raj Patel,India,"May 1, 2020",2019,TV-14,141 min,"Dramas, International Movies"
s7,Movie,Dark Corners,David Park,United States,"October 31, 2021",2021,R,89 min,"Horror Movies, Thrillers"
s8,TV Show,The Cold Case Unit,,United States,"June 18, 2019",2019,TV-MA,4 Seasons,"Crime TV Shows, TV Mysteries"
s9,Movie,Love in Transit,Jennifer Lee,United Kingdom,"August 5, 2022",2022,TV-PG,102 min,"Comedies, Romantic Movies"
s10,Movie,Quantum Drift,Robert Martinez,United States,"December 12, 2020",2020,PG-13,127 min,"Sci-Fi & Fantasy, Thrillers"
s11,TV Show,Dynasty Rising,Amanda Taylor,United States,"January 28, 2021",2020,TV-MA,2 Seasons,"TV Dramas"
s12,Movie,The Sacred River,Priya Sharma,India,"April 9, 2021",2020,TV-14,135 min,"Dramas, International Movies"
s13,Movie,Burning Bridges,Christopher Brown,United States,"September 17, 2019",2019,R,108 min,"Dramas, Thrillers"
s14,TV Show,Neighbors from Here,Lisa Anderson,United States,"March 22, 2022",2022,TV-14,1 Season,"TV Comedies"
s15,Movie,Cherry Blossom Promise,Yuki Tanaka,Japan,"July 7, 2020",2019,TV-PG,112 min,"Dramas, International Movies, Romantic Movies"
s16,Movie,Glass Houses,Daniel Kim,United States,"November 25, 2021",2021,TV-MA,94 min,"Dramas, Independent Movies"
s17,TV Show,Seoul Searching,Min-jun Kim,South Korea,"February 3, 2020",2019,TV-14,2 Seasons,"TV Dramas, International TV Shows, Romantic TV Shows"
s18,Movie,Point of Impact,,Canada,"May 30, 2022",2022,R,105 min,"Action & Adventure, Thrillers"
s19,Movie,The Backup Plan B,Rachel Thompson,United States,"August 14, 2019",2019,PG-13,98 min,"Comedies, Romantic Movies"
s20,TV Show,True Crime Files,Kevin Nguyen,United States,"October 5, 2021",2021,TV-MA,3 Seasons,"Docuseries, Crime TV Shows"
s21,Movie,Paper Walls,Emily Davis,United States,"January 2, 2023",2022,TV-14,91 min,"Dramas"
s22,Movie,The Tiger's Eye,Vikram Singh,India,"June 12, 2020",2020,TV-MA,148 min,"Action & Adventure, International Movies, Thrillers"
s23,TV Show,The Daily Grind,,United States,"April 18, 2021",2021,TV-14,2 Seasons,"TV Comedies"
s24,Movie,Threads of Time,Andrew Foster,United Kingdom,"December 1, 2019",2019,PG-13,121 min,"Sci-Fi & Fantasy, Dramas"
s25,Movie,Midnight Garden,Nicole Moore,United States,"March 15, 2022",2022,R,88 min,"Horror Movies, Thrillers"
s26,TV Show,Blade of the Spirit,Kenji Watanabe,Japan,"September 9, 2020",2020,TV-MA,2 Seasons,"Anime Series, TV Action & Adventure, International TV Shows"
s27,Movie,The Distance Between,Steven Clark,United States,"July 4, 2021",2021,TV-14,104 min,"Dramas, Romantic Movies"
s28,Movie,Monsoon Wedding Day,Neha Kapoor,India,"November 18, 2022",2022,TV-PG,132 min,"Comedies, International Movies, Romantic Movies"
s29,TV Show,Power Players,Jennifer White,United States,"February 22, 2020",2020,TV-MA,4 Seasons,"TV Dramas"
s30,Movie,Under the Same Sky,,France,"May 11, 2021",2021,TV-14,97 min,"Dramas, International Movies"
s31,Movie,Crossfire,Thomas Rodriguez,United States,"August 28, 2019",2019,R,110 min,"Action & Adventure, Thrillers"
s32,TV Show,The Heirs of Autumn,Soo-yeon Park,South Korea,"January 7, 2023",2022,TV-14,1 Season,"TV Dramas, International TV Shows"
s33,Movie,Heart Strings,Megan Harris,United States,"October 14, 2021",2021,PG,99 min,"Romantic Movies, Comedies"
s34,Movie,Inside the Machine,Patrick O'Brien,United States,"April 3, 2020",2020,TV-PG,86 min,"Documentaries"
s35,TV Show,Detective Files,Samantha Lewis,United Kingdom,"June 25, 2022",2022,TV-MA,3 Seasons,"Crime TV Shows, TV Dramas, TV Mysteries"
s36,Movie,The Colony,Brian Walker,United States,"December 20, 2021",2021,PG-13,115 min,"Sci-Fi & Fantasy, Action & Adventure"
s37,Movie,Delhi Nights,Arjun Reddy,India,"March 30, 2020",2019,TV-MA,144 min,"Dramas, International Movies"
s38,TV Show,Work in Progress,,United States,"September 1, 2019",2019,TV-14,3 Seasons,"TV Comedies"
s39,Movie,Broken Lines,Christina Hall,Canada,"July 19, 2021",2021,R,92 min,"Dramas, Thrillers"
s40,Movie,The Samurai's Daughter,Akira Suzuki,Japan,"November 8, 2020",2020,TV-14,125 min,"Action & Adventure, International Movies, Dramas"
s41,TV Show,Planet Unknown,Matthew Young,United States,"February 9, 2022",2021,TV-PG,2 Seasons,"Docuseries"
s42,Movie,Still Water,Laura Allen,United States,"May 25, 2021",2021,TV-MA,101 min,"Dramas, Thrillers"
s43,Movie,Colors of Holi,Sanjay Gupta,India,"August 15, 2022",2022,TV-PG,128 min,"Comedies, International Movies"
s44,TV Show,Rising Tides,Jonathan King,United States,"October 22, 2019",2019,TV-MA,5 Seasons,"TV Dramas"
s45,Movie,The Silent Witness,,United States,"January 18, 2023",2022,R,107 min,"Thrillers, Crime Movies"
s46,Movie,Summer Romance,Rebecca Wright,United Kingdom,"April 14, 2020",2020,PG,96 min,"Romantic Movies, Comedies"
s47,TV Show,Forensic Evidence,Eric Scott,United States,"June 6, 2021",2021,TV-MA,2 Seasons,"Crime TV Shows, TV Dramas"
s48,Movie,Dark Pursuit,Michelle Green,United States,"December 28, 2022",2022,R,114 min,"Action & Adventure, Thrillers"
s49,Movie,The Human Factor,Alex Rivera,United States,"March 5, 2020",2020,TV-14,82 min,"Documentaries"
s50,TV Show,Laughing Stock,,Canada,"September 20, 2021",2021,TV-14,1 Season,"TV Comedies"
s51,Movie,Beyond Earth,Diana Torres,United States,"July 11, 2019",2019,PG-13,131 min,"Sci-Fi & Fantasy, Action & Adventure"
s52,Movie,The Weight of Light,Ryan Phillips,United States,"November 14, 2021",2021,TV-14,95 min,"Dramas, Independent Movies"
s53,TV Show,Han River Crossing,Ji-hoon Lee,South Korea,"February 28, 2022",2022,TV-MA,2 Seasons,"TV Dramas, International TV Shows"
s54,Movie,Blind Spot,Karen Campbell,United States,"May 7, 2020",2020,R,99 min,"Thrillers, Crime Movies"
s55,Movie,What Remains,Gregory Mitchell,United Kingdom,"August 22, 2019",2019,TV-MA,88 min,"Dramas"
s56,TV Show,Super Friends Adventure,,United States,"January 5, 2021",2020,TV-G,3 Seasons,"Kids' TV"
s57,Movie,Rio After Dark,Fernando Silva,Brazil,"October 9, 2021",2021,TV-MA,112 min,"Dramas, International Movies, Thrillers"
s58,Movie,Neural Link,Susan Parker,United States,"April 20, 2022",2022,PG-13,108 min,"Sci-Fi & Fantasy, Thrillers"
s59,TV Show,The Firm,Mark Evans,United States,"June 30, 2020",2020,TV-MA,4 Seasons,"TV Dramas"
s60,Movie,A Thousand Mornings,Julie Adams,United States,"December 8, 2019",2019,TV-14,97 min,"Dramas, Romantic Movies"
s61,Movie,Tokyo Midnight,Hiro Nakamura,Japan,"March 18, 2021",2021,TV-MA,101 min,"Thrillers, International Movies, Crime Movies"
s62,TV Show,Badge of Honor,Benjamin Turner,United States,"September 12, 2022",2022,TV-14,2 Seasons,"Crime TV Shows, TV Dramas"
s63,Movie,The Haunting of Maple Street,,United States,"October 28, 2020",2020,R,93 min,"Horror Movies"
s64,Movie,Parallel Lives,Stephanie Collins,Canada,"July 15, 2021",2021,PG-13,105 min,"Dramas, Sci-Fi & Fantasy"
s65,TV Show,Kimchi Chronicles,Hyun-woo Choi,South Korea,"February 17, 2020",2019,TV-PG,3 Seasons,"TV Comedies, International TV Shows"
s66,Movie,Critical Mass,Carlos Hernandez,United States,"May 24, 2022",2022,R,118 min,"Action & Adventure, Thrillers"
s67,Movie,The Perfect Match,Ashley Stewart,United States,"November 1, 2021",2021,PG,94 min,"Romantic Movies, Comedies"
s68,TV Show,Dragon Quest Chronicles,Yuki Tanaka,Japan,"August 8, 2020",2020,TV-14,2 Seasons,"Anime Series, TV Sci-Fi & Fantasy, International TV Shows"
s69,Movie,Written in the Stars,Peter Morris,United Kingdom,"January 23, 2023",2022,TV-14,100 min,"Romantic Movies, Dramas"
s70,Movie,Edge of Control,,United States,"April 6, 2019",2019,PG-13,124 min,"Action & Adventure"
s71,TV Show,The Rise and Fall,Rachel Morgan,United States,"June 14, 2021",2021,TV-MA,1 Season,"Docuseries"
s72,Movie,Bollywood Blues,Deepika Malhotra,India,"October 3, 2020",2020,TV-14,138 min,"Comedies, International Movies, Music & Musicals"
s73,Movie,Double Cross,Tyler Reed,United States,"December 15, 2022",2022,R,106 min,"Thrillers, Crime Movies"
s74,TV Show,Family Matters,Natalie Cook,United States,"March 1, 2020",2020,TV-PG,4 Seasons,"TV Dramas, TV Comedies"
s75,Movie,Time Shift,Jason Rogers,United States,"July 28, 2021",2021,PG-13,113 min,"Sci-Fi & Fantasy"
s76,Movie,Blood Moon,Amanda Bell,United States,"October 30, 2019",2019,R,87 min,"Horror Movies, Thrillers"
s77,TV Show,The Magic Garden,,United States,"January 12, 2022",2021,TV-G,2 Seasons,"Kids' TV"
s78,Movie,Lagos Rising,Emeka Okafor,Nigeria,"May 15, 2021",2021,TV-MA,109 min,"Dramas, International Movies"
s79,Movie,Night Strike,Sean Murphy,United States,"August 19, 2020",2020,R,95 min,"Action & Adventure, Thrillers"
s80,TV Show,The Outsiders,Jennifer Cooper,United States,"November 22, 2022",2022,TV-MA,2 Seasons,"TV Dramas, TV Mysteries"
s81,Movie,Before Midnight Strikes,Sophie Laurent,France,"February 5, 2021",2021,TV-14,98 min,"Romantic Movies, International Movies"
s82,Movie,The Missing Hour,William Barnes,United States,"April 27, 2022",2022,TV-MA,103 min,"Thrillers, Crime Movies"
s83,TV Show,Robo Rangers,George Powell,United States,"June 20, 2019",2019,TV-G,3 Seasons,"Kids' TV"
s84,Movie,Shadows on the Wall,,India,"September 5, 2020",2020,TV-14,136 min,"Dramas, International Movies"
s85,Movie,High Voltage,Richard Cooper,United States,"December 3, 2021",2021,PG-13,121 min,"Action & Adventure"
s86,TV Show,Midnight Academy,Akira Suzuki,Japan,"March 14, 2022",2022,TV-14,1 Season,"Anime Series, International TV Shows"
s87,Movie,The Seventh Letter,Sarah Johnson,United States,"July 9, 2020",2020,TV-14,91 min,"Dramas"
s88,Movie,Sao Paulo Stories,Pablo Ramirez,Brazil,"October 18, 2021",2021,TV-MA,115 min,"Dramas, International Movies"
s89,TV Show,Inside the Industry,,United States,"January 30, 2023",2022,TV-14,1 Season,"Docuseries"
s90,Movie,Whispers in the Dark,Michael Chen,United States,"May 6, 2019",2019,R,90 min,"Horror Movies, Thrillers"
s91,Movie,The Last Rickshaw,Raj Patel,India,"August 12, 2022",2022,TV-PG,127 min,"Dramas, International Movies"
s92,TV Show,Criminal Intent,David Park,United States,"November 9, 2020",2020,TV-MA,5 Seasons,"Crime TV Shows, TV Dramas"
s93,Movie,Finding Home,Jennifer Lee,United States,"February 18, 2021",2021,PG,99 min,"Dramas, Romantic Movies"
s94,Movie,Iron Will,James Wilson,Canada,"April 15, 2022",2022,PG-13,109 min,"Action & Adventure, Dramas"
s95,TV Show,The Sacred Thread,Vikram Singh,India,"June 2, 2020",2020,TV-14,3 Seasons,"TV Dramas, International TV Shows"
s96,Movie,Cold Trail,Robert Martinez,United States,"September 28, 2021",2021,R,97 min,"Thrillers, Crime Movies"
s97,Movie,As Luck Would Have It,Amanda Taylor,United Kingdom,"December 22, 2019",2019,PG,103 min,"Comedies, Romantic Movies"
s98,TV Show,Neon Nights,,South Korea,"March 8, 2022",2022,TV-MA,2 Seasons,"TV Dramas, International TV Shows"
s99,Movie,The Architect,Christopher Brown,United States,"July 17, 2020",2020,PG-13,116 min,"Sci-Fi & Fantasy, Thrillers"
s100,Movie,Monsoon Season,Priya Sharma,India,"October 25, 2021",2021,TV-14,142 min,"Dramas, International Movies"
s101,TV Show,The Investigators,Lisa Anderson,United States,"January 8, 2022",2021,TV-MA,3 Seasons,"Crime TV Shows, TV Mysteries"
s102,Movie,Binary Stars,Daniel Kim,United States,"May 20, 2021",2021,PG-13,107 min,"Sci-Fi & Fantasy"
s103,Movie,The Informant,Rachel Thompson,United States,"August 3, 2019",2019,R,101 min,"Thrillers, Crime Movies"
s104,TV Show,Cooking with Heart,,United States,"November 15, 2022",2022,TV-G,1 Season,"Reality TV"
s105,Movie,Under Suspicion,Kevin Nguyen,United States,"February 12, 2020",2020,TV-MA,94 min,"Thrillers, Dramas"
s106,Movie,The Price of Progress,Emily Davis,United States,"April 29, 2021",2021,TV-PG,85 min,"Documentaries"
s107,TV Show,Eternal Flame,Andrew Foster,United Kingdom,"July 5, 2022",2022,TV-14,2 Seasons,"TV Dramas, TV Sci-Fi & Fantasy"
s108,Movie,Fury Road Ahead,Nicole Moore,United States,"October 11, 2020",2020,R,125 min,"Action & Adventure"
s109,Movie,The Ritual,Steven Clark,United States,"December 31, 2021",2021,R,88 min,"Horror Movies"
s110,TV Show,Campus Life,Jennifer White,United States,"March 19, 2019",2019,TV-14,4 Seasons,"TV Comedies, TV Dramas"
s111,Movie,Rice Paper Walls,Hiro Nakamura,Japan,"June 8, 2021",2021,TV-14,109 min,"Dramas, International Movies"
s112,Movie,Terminal Velocity,,United States,"September 14, 2022",2022,PG-13,113 min,"Action & Adventure, Thrillers"
s113,TV Show,The Watchmen Files,Thomas Rodriguez,United States,"January 25, 2020",2020,TV-MA,3 Seasons,"Crime TV Shows, TV Dramas"
s114,Movie,Gravity Falls Apart,Megan Harris,United States,"May 3, 2021",2021,TV-14,96 min,"Dramas, Comedies"
s115,Movie,The Unseen,Patrick O'Brien,United Kingdom,"August 10, 2019",2019,R,91 min,"Horror Movies, Thrillers"
s116,TV Show,Street Food Stories,Samantha Lewis,United States,"November 28, 2022",2022,TV-PG,1 Season,"Docuseries"
s117,Movie,Blackout Protocol,Brian Walker,United States,"February 7, 2021",2021,R,110 min,"Action & Adventure, Thrillers"
s118,Movie,Two of a Kind,Christina Hall,United States,"April 22, 2020",2020,PG,97 min,"Romantic Movies, Comedies"
s119,TV Show,The Precinct,Matthew Young,United States,"July 13, 2022",2022,TV-MA,2 Seasons,"Crime TV Shows, TV Dramas"
s120,Movie,Voices Unheard,,India,"October 6, 2021",2021,TV-14,118 min,"Documentaries, International Movies"
s121,Movie,Burning Target,Laura Allen,United States,"December 18, 2019",2019,PG-13,104 min,"Action & Adventure"
s122,TV Show,Startup Nation,Jonathan King,United States,"March 25, 2022",2022,TV-14,1 Season,"TV Dramas"
s123,Movie,The Way We Were Not,Rebecca Wright,United Kingdom,"June 15, 2020",2020,TV-14,99 min,"Romantic Movies, Dramas"
s124,Movie,Dead End,Eric Scott,United States,"September 8, 2021",2021,R,86 min,"Thrillers, Horror Movies"
s125,TV Show,Home Renovation Wars,,United States,"January 14, 2023",2022,TV-PG,2 Seasons,"Reality TV"
s126,Movie,Night Caller,Michelle Green,United States,"May 17, 2019",2019,R,93 min,"Thrillers, Crime Movies"
s127,Movie,The Longest Night,Alex Rivera,United States,"August 25, 2022",2022,TV-MA,100 min,"Dramas"
s128,TV Show,Kingdom of Shadows,Min-jun Kim,South Korea,"November 4, 2020",2020,TV-MA,3 Seasons,"TV Dramas, International TV Shows, TV Action & Adventure"
s129,Movie,Into the Wild Unknown,Diana Torres,United States,"February 20, 2021",2021,TV-PG,88 min,"Documentaries"
s130,Movie,Last Breath,Ryan Phillips,United States,"April 10, 2022",2022,R,84 min,"Horror Movies"
s131,TV Show,Paris After Hours,Pierre Dubois,France,"July 22, 2020",2020,TV-MA,2 Seasons,"TV Dramas, International TV Shows"
s132,Movie,The Cellar Door,Karen Campbell,United States,"October 29, 2021",2021,R,89 min,"Horror Movies, Thrillers"
s133,Movie,Parallel Dimension,,United States,"December 5, 2019",2019,PG-13,119 min,"Sci-Fi & Fantasy"
s134,TV Show,Medical Frontline,Gregory Mitchell,United States,"March 12, 2022",2022,TV-14,3 Seasons,"TV Dramas"
s135,Movie,The Last Signal,Susan Parker,United States,"June 28, 2021",2021,PG-13,106 min,"Sci-Fi & Fantasy, Thrillers"
s136,Movie,Carnaval,Rosa Delgado,Brazil,"September 22, 2020",2020,TV-14,123 min,"Comedies, International Movies, Music & Musicals"
s137,TV Show,Apartment 4B,Mark Evans,United States,"January 3, 2023",2022,TV-14,1 Season,"TV Comedies"
s138,Movie,The Inside Man,Julie Adams,United States,"May 9, 2019",2019,R,108 min,"Thrillers, Crime Movies"
s139,Movie,Dark Matter Rising,Benjamin Turner,United States,"August 17, 2022",2022,PG-13,121 min,"Sci-Fi & Fantasy, Action & Adventure"
s140,TV Show,Behind the Badge,,United States,"November 21, 2020",2020,TV-MA,4 Seasons,"Crime TV Shows, TV Dramas"
s141,Movie,My Crazy Neighbor,Stephanie Collins,United States,"February 14, 2021",2021,PG,95 min,"Comedies"
s142,Movie,The Final Frontier,Carlos Hernandez,United States,"April 26, 2022",2022,TV-PG,90 min,"Documentaries"
s143,TV Show,The Empress,Anna Schmidt,Germany,"July 8, 2020",2020,TV-MA,2 Seasons,"TV Dramas, International TV Shows"
s144,Movie,Second Chance Summer,Ashley Stewart,United States,"October 15, 2021",2021,PG,101 min,"Romantic Movies, Comedies"
s145,Movie,Beyond the Frame,Peter Morris,United Kingdom,"December 12, 2019",2019,TV-14,84 min,"Documentaries"
s146,TV Show,Taco Truck Wars,Rachel Morgan,United States,"March 5, 2022",2022,TV-PG,1 Season,"Reality TV"
s147,Movie,Full House Rules,,United States,"June 21, 2021",2021,PG-13,98 min,"Comedies"
s148,Movie,The Wedding Planner Files,Tyler Reed,United States,"September 3, 2020",2020,PG,107 min,"Romantic Movies, Comedies"
s149,TV Show,Gangland Chronicles,Natalie Cook,United States,"January 18, 2023",2022,TV-MA,2 Seasons,"Crime TV Shows, TV Dramas"
s150,Movie,Just My Luck,Jason Rogers,United States,"May 12, 2019",2019,PG,92 min,"Comedies, Romantic Movies"
s151,Movie,Practically Perfect,Amanda Bell,United Kingdom,"August 6, 2022",2022,TV-PG,96 min,"Comedies"
s152,TV Show,Spirit Warriors,Kenji Watanabe,Japan,"November 11, 2020",2020,TV-14,3 Seasons,"Anime Series, TV Action & Adventure, International TV Shows"
s153,Movie,The Odd Couple Out,Sean Murphy,United States,"February 22, 2021",2021,PG-13,94 min,"Comedies"
s154,Movie,How to Lose Everything,,United States,"April 8, 2022",2022,TV-14,88 min,"Comedies, Dramas"
s155,TV Show,Tech Titans,Jennifer Cooper,United States,"July 1, 2020",2020,TV-14,4 Seasons,"TV Dramas"
s156,Movie,Breaking Ground,William Barnes,United States,"October 19, 2021",2021,TV-PG,82 min,"Documentaries"
s157,Movie,Points of View,George Powell,United States,"December 27, 2019",2019,TV-14,86 min,"Documentaries"
s158,TV Show,Undercover Operations,Richard Cooper,United States,"March 16, 2022",2022,TV-MA,2 Seasons,"Crime TV Shows, TV Action & Adventure"
s159,Movie,Crimson Tide Rising,Sarah Johnson,United States,"June 10, 2021",2021,R,111 min,"Horror Movies, Thrillers"
s160,Movie,Untold Stories,Michael Chen,United States,"September 18, 2020",2020,TV-14,79 min,"Documentaries"
s161,TV Show,The Vineyard,Maria Garcia,United States,"January 7, 2023",2022,TV-14,1 Season,"TV Dramas, Romantic TV Shows"
s162,Movie,Mexico City Blues,Pablo Ramirez,Mexico,"May 22, 2019",2019,TV-MA,105 min,"Dramas, International Movies, Music & Musicals"
s163,Movie,The Entity,James Wilson,United States,"August 30, 2022",2022,R,87 min,"Horror Movies, Sci-Fi & Fantasy"
s164,TV Show,Dream Kitchen,,United States,"November 5, 2020",2020,TV-G,3 Seasons,"Reality TV"
s165,Movie,Searching for Truth,Robert Martinez,United States,"February 15, 2021",2021,TV-PG,91 min,"Documentaries, Dramas"
s166,Movie,The Bengal Tiger,Arjun Reddy,India,"April 18, 2022",2022,TV-14,145 min,"Action & Adventure, International Movies"
s167,TV Show,Cipher,Amanda Taylor,United States,"July 25, 2020",2020,TV-MA,2 Seasons,"TV Sci-Fi & Fantasy, TV Dramas"
s168,Movie,Frozen Hearts,Christopher Brown,Canada,"October 8, 2021",2021,PG-13,102 min,"Romantic Movies, Dramas"
s169,Movie,The Stand-Up,Lisa Anderson,United States,"December 14, 2019",2019,TV-MA,76 min,"Stand-Up Comedy"
s170,TV Show,Lagos Life,Chioma Adeyemi,Nigeria,"March 27, 2022",2022,TV-14,1 Season,"TV Comedies, International TV Shows"
s171,Movie,Shadow Dancer,,India,"June 5, 2021",2021,TV-MA,132 min,"Dramas, International Movies, Thrillers"
s172,Movie,Full Circle,Daniel Kim,United States,"September 11, 2020",2020,TV-14,98 min,"Dramas"
s173,TV Show,The Retreat,Rachel Thompson,United States,"January 20, 2023",2022,TV-MA,2 Seasons,"TV Dramas, TV Mysteries"
s174,Movie,Barcelona Nights,Lucia Torres,Spain,"May 4, 2019",2019,TV-14,110 min,"Dramas, International Movies, Romantic Movies"
s175,Movie,Extraction Zone,Kevin Nguyen,United States,"August 16, 2022",2022,R,115 min,"Action & Adventure, Thrillers"
s176,TV Show,Bake Off Champions,,United States,"November 18, 2020",2020,TV-G,4 Seasons,"Reality TV"
s177,Movie,The Waiting Room,Emily Davis,United States,"February 8, 2021",2021,TV-14,89 min,"Dramas"
s178,Movie,Rangoli,Neha Kapoor,India,"April 24, 2022",2022,TV-PG,137 min,"Comedies, International Movies"
s179,TV Show,The Scandal,Andrew Foster,United States,"July 14, 2020",2020,TV-MA,5 Seasons,"TV Dramas"
s180,Movie,Stand-Up Spotlight,Nicole Moore,United States,"October 22, 2021",2021,TV-MA,68 min,"Stand-Up Comedy"
s181,Movie,The Promised Land,Steven Clark,United States,"December 9, 2019",2019,PG-13,118 min,"Dramas"
s182,TV Show,Samurai Chronicles,Akira Suzuki,Japan,"March 10, 2022",2022,TV-MA,2 Seasons,"Anime Series, International TV Shows, TV Action & Adventure"
s183,Movie,First Snow,Jennifer White,Canada,"June 18, 2021",2021,TV-14,94 min,"Dramas, Romantic Movies"
s184,Movie,Abuja Dreams,Emeka Okafor,Nigeria,"September 25, 2020",2020,TV-14,108 min,"Dramas, International Movies"
s185,TV Show,Wall Street Wolves,,United States,"January 13, 2023",2022,TV-MA,1 Season,"TV Dramas"
s186,Movie,The Conductor,Thomas Rodriguez,United States,"May 16, 2019",2019,TV-PG,106 min,"Dramas, Music & Musicals"
s187,Movie,Pandemonium,Megan Harris,United States,"August 21, 2022",2022,R,92 min,"Action & Adventure, Comedies"
s188,TV Show,Lost in Seoul,Ji-hoon Lee,South Korea,"November 12, 2020",2020,TV-14,3 Seasons,"TV Comedies, International TV Shows"
s189,Movie,Desert Storm,Patrick O'Brien,United States,"February 26, 2021",2021,PG-13,128 min,"Action & Adventure, Dramas"
s190,Movie,The Art of War,Samantha Lewis,United States,"April 5, 2022",2022,TV-MA,100 min,"Documentaries"
s191,TV Show,Emergency Room,Brian Walker,United States,"July 30, 2020",2020,TV-14,4 Seasons,"TV Dramas"
s192,Movie,Love at First Sight,,United Kingdom,"October 14, 2021",2021,PG,95 min,"Romantic Movies, Comedies"
s193,Movie,Nollywood Nights,Nkechi Eze,Nigeria,"December 20, 2019",2019,TV-14,112 min,"Comedies, International Movies"
s194,TV Show,The Compound,Christina Hall,United States,"March 22, 2022",2022,TV-MA,2 Seasons,"TV Dramas, TV Sci-Fi & Fantasy"
s195,Movie,Above the Clouds,Matthew Young,United States,"June 12, 2021",2021,TV-PG,84 min,"Documentaries"
s196,Movie,The Arrangement Falls Apart,Laura Allen,United States,"September 7, 2020",2020,TV-14,97 min,"Dramas, Comedies"
s197,TV Show,Culinary Masters,Jonathan King,United States,"January 6, 2023",2022,TV-PG,1 Season,"Reality TV"
s198,Movie,Sahara Crossing,Rebecca Wright,United Kingdom,"May 28, 2019",2019,PG-13,122 min,"Action & Adventure, Dramas"
s199,Movie,Dark Waters,Eric Scott,United States,"August 9, 2022",2022,R,98 min,"Thrillers"
s200,TV Show,The Mentalist Files,,United States,"November 24, 2020",2020,TV-MA,3 Seasons,"Crime TV Shows, TV Mysteries"
s201,Movie,Berlin Wall Stories,Hans Mueller,Germany,"February 11, 2021",2021,TV-14,104 min,"Dramas, International Movies"
s202,Movie,Laughing Matters,Michelle Green,United States,"April 14, 2022",2022,TV-MA,72 min,"Stand-Up Comedy"
s203,TV Show,Coast Guard,Alex Rivera,United States,"July 19, 2020",2020,TV-14,2 Seasons,"TV Action & Adventure, TV Dramas"
s204,Movie,The Wanderer,Diana Torres,United States,"October 1, 2021",2021,PG-13,110 min,"Dramas"
s205,Movie,Favela Rising,Fernando Silva,Brazil,"December 28, 2019",2019,TV-MA,117 min,"Dramas, International Movies"
s206,TV Show,Homicide Division,Ryan Phillips,United States,"March 15, 2022",2022,TV-MA,3 Seasons,"Crime TV Shows, TV Dramas"
s207,Movie,The Piano Teacher,Karen Campbell,France,"June 22, 2021",2021,R,96 min,"Dramas, International Movies"
s208,Movie,Just Breathe,,United States,"September 15, 2020",2020,TV-14,88 min,"Dramas"
s209,TV Show,The Next Step,Gregory Mitchell,United States,"January 22, 2023",2022,TV-PG,2 Seasons,"Reality TV"
s210,Movie,Outback Legends,Susan Parker,Australia,"May 8, 2019",2019,TV-14,99 min,"Action & Adventure, International Movies"
s211,Movie,Night Market,Soo-yeon Park,South Korea,"August 14, 2022",2022,TV-PG,105 min,"Comedies, International Movies"
s212,TV Show,Phantom Protocol,Mark Evans,United States,"November 7, 2020",2020,TV-MA,4 Seasons,"TV Action & Adventure, TV Sci-Fi & Fantasy"
s213,Movie,The Last Dance,Julie Adams,United States,"February 3, 2021",2021,PG,100 min,"Dramas, Music & Musicals"
s214,Movie,Chasing Gold,Benjamin Turner,United States,"April 20, 2022",2022,TV-PG,92 min,"Documentaries"
s215,TV Show,The Neighborhood Watch,,United States,"July 6, 2020",2020,TV-14,3 Seasons,"TV Comedies"
s216,Movie,Amazon River Tales,Stephanie Collins,Brazil,"October 17, 2021",2021,TV-PG,95 min,"Documentaries, International Movies"
s217,Movie,Wildfire,Carlos Hernandez,United States,"December 11, 2019",2019,PG-13,108 min,"Action & Adventure, Dramas"
s218,TV Show,Digital Age,Ashley Stewart,United States,"March 28, 2022",2022,TV-14,1 Season,"TV Dramas"
s219,Movie,The Oath,Peter Morris,United Kingdom,"June 16, 2021",2021,R,114 min,"Thrillers, Dramas"
s220,Movie,Midnight Express Lane,Rachel Morgan,United States,"September 22, 2020",2020,TV-MA,91 min,"Comedies"
s221,TV Show,Treasure Hunters,,United States,"January 9, 2023",2022,TV-PG,2 Seasons,"Reality TV, TV Action & Adventure"
s222,Movie,The Gardener,Tyler Reed,France,"May 14, 2019",2019,TV-14,97 min,"Dramas, International Movies"
s223,Movie,Operation Nightfall,Natalie Cook,United States,"August 27, 2022",2022,R,120 min,"Action & Adventure, Thrillers"
s224,TV Show,The Bakery,Jason Rogers,United States,"November 14, 2020",2020,TV-G,3 Seasons,"TV Comedies"
s225,Movie,Saffron Dreams,Sanjay Gupta,India,"February 19, 2021",2021,TV-14,140 min,"Dramas, International Movies, Romantic Movies"
s226,Movie,The Comeback,Amanda Bell,United States,"April 30, 2022",2022,PG-13,103 min,"Dramas"
s227,TV Show,Spellbound,Sean Murphy,United States,"July 12, 2020",2020,TV-14,2 Seasons,"TV Sci-Fi & Fantasy, TV Dramas"
s228,Movie,Born Free,Jennifer Cooper,United States,"October 5, 2021",2021,TV-PG,86 min,"Documentaries"
s229,Movie,Madrid Confidential,,Spain,"December 16, 2019",2019,TV-MA,107 min,"Thrillers, International Movies, Crime Movies"
s230,TV Show,Single in the City,William Barnes,United States,"March 3, 2022",2022,TV-14,1 Season,"TV Comedies, Romantic TV Shows"
s231,Movie,The Frontline,George Powell,United States,"June 24, 2021",2021,R,112 min,"Dramas, Action & Adventure"
s232,Movie,Carnival of Souls,Richard Cooper,United States,"September 29, 2020",2020,R,85 min,"Horror Movies"
s233,TV Show,The Governor,Sarah Johnson,United States,"January 15, 2023",2022,TV-MA,3 Seasons,"TV Dramas"
s234,Movie,Passage to India,Deepika Malhotra,India,"May 21, 2019",2019,TV-14,148 min,"Dramas, International Movies"
s235,Movie,Concrete Jungle,Michael Chen,United States,"August 4, 2022",2022,R,99 min,"Crime Movies, Dramas"
s236,TV Show,Pet Hospital,,United States,"November 19, 2020",2020,TV-G,2 Seasons,"Kids' TV, Reality TV"
s237,Movie,Homeward Bound Again,Maria Garcia,United States,"February 24, 2021",2021,PG,94 min,"Children & Family Movies"
s238,Movie,The Portrait,James Wilson,United Kingdom,"April 12, 2022",2022,TV-14,91 min,"Dramas"
s239,TV Show,Surf City,Robert Martinez,Australia,"July 18, 2020",2020,TV-14,3 Seasons,"TV Dramas, International TV Shows"
s240,Movie,Dust Bowl Days,Amanda Taylor,United States,"October 10, 2021",2021,TV-PG,87 min,"Documentaries, Dramas"
s241,Movie,The Confession,,United States,"December 22, 2019",2019,R,96 min,"Thrillers, Dramas"
s242,TV Show,Robot World,Christopher Brown,United States,"March 9, 2022",2022,TV-PG,1 Season,"TV Sci-Fi & Fantasy, Kids' TV"
s243,Movie,Light in the Storm,Lisa Anderson,United States,"June 7, 2021",2021,TV-14,100 min,"Dramas"
s244,Movie,Tango in Buenos Aires,Daniel Kim,Argentina,"September 13, 2020",2020,TV-14,108 min,"Dramas, International Movies, Music & Musicals"
s245,TV Show,The Precinct Files,Rachel Thompson,United States,"January 28, 2023",2022,TV-MA,2 Seasons,"Crime TV Shows, TV Dramas"
s246,Movie,Firestarter,Kevin Nguyen,United States,"May 5, 2019",2019,PG-13,105 min,"Sci-Fi & Fantasy, Action & Adventure"
s247,Movie,The Long Way Home,,India,"August 18, 2022",2022,TV-14,133 min,"Dramas, International Movies"
s248,TV Show,Fashion Forward,Emily Davis,United States,"November 2, 2020",2020,TV-PG,4 Seasons,"Reality TV"
s249,Movie,Ocean's Depth,Andrew Foster,United States,"February 6, 2021",2021,PG-13,113 min,"Action & Adventure, Thrillers"
s250,Movie,Confession of Love,Nicole Moore,United Kingdom,"April 28, 2022",2022,PG,97 min,"Romantic Movies"
s251,TV Show,Shadow Ops,Steven Clark,United States,"July 2, 2020",2020,TV-MA,3 Seasons,"TV Action & Adventure, TV Dramas"
s252,Movie,The Mother,Jennifer White,United States,"October 20, 2021",2021,TV-MA,98 min,"Dramas, Thrillers"
s253,Movie,Amazonia,Thomas Rodriguez,Brazil,"December 5, 2019",2019,TV-PG,88 min,"Documentaries, International Movies"
s254,TV Show,Gravity,Megan Harris,United States,"March 20, 2022",2022,TV-14,2 Seasons,"TV Sci-Fi & Fantasy, TV Dramas"
s255,Movie,Nairobi Hustle,,Kenya,"June 14, 2021",2021,TV-MA,102 min,"Dramas, International Movies"
s256,Movie,Stand and Deliver,Patrick O'Brien,United States,"September 6, 2020",2020,TV-14,115 min,"Dramas"
s257,TV Show,The Experiment,Samantha Lewis,United States,"January 11, 2023",2022,TV-MA,1 Season,"TV Sci-Fi & Fantasy, TV Dramas"
s258,Movie,Caged,Brian Walker,United States,"May 19, 2019",2019,R,91 min,"Thrillers"
s259,Movie,Alpine Rescue,Christina Hall,Germany,"August 11, 2022",2022,PG-13,104 min,"Action & Adventure, International Movies"
s260,TV Show,Country Roads,Matthew Young,United States,"November 25, 2020",2020,TV-14,3 Seasons,"TV Dramas"
s261,Movie,The Con Artist,Laura Allen,United States,"February 16, 2021",2021,R,97 min,"Crime Movies, Comedies"
s262,Movie,Dreamland,Jonathan King,United States,"April 7, 2022",2022,PG-13,109 min,"Sci-Fi & Fantasy, Dramas"
s263,TV Show,Secrets and Lies,,United States,"July 23, 2020",2020,TV-MA,4 Seasons,"TV Dramas, TV Mysteries"
s264,Movie,The Marathon,Rebecca Wright,United States,"October 28, 2021",2021,TV-PG,95 min,"Dramas"
s265,Movie,Abracadabra,Eric Scott,United States,"December 18, 2019",2019,PG,88 min,"Children & Family Movies"
s266,TV Show,Witch Hunt,Michelle Green,United States,"March 14, 2022",2022,TV-MA,2 Seasons,"TV Dramas, TV Mysteries"
s267,Movie,Songs of the Monsoon,Raj Patel,India,"June 26, 2021",2021,TV-PG,130 min,"Dramas, International Movies, Music & Musicals"
s268,Movie,The Accountant,Alex Rivera,United States,"September 19, 2020",2020,R,106 min,"Thrillers, Crime Movies"
s269,TV Show,Tiny House Nation,,United States,"January 4, 2023",2022,TV-G,1 Season,"Reality TV"
s270,Movie,Return to Sender,Diana Torres,United States,"May 10, 2019",2019,TV-14,93 min,"Thrillers, Dramas"
s271,Movie,Savannah Blues,Ryan Phillips,United States,"August 22, 2022",2022,TV-14,101 min,"Dramas, Music & Musicals"
s272,TV Show,The Bureau,Pierre Dubois,France,"November 8, 2020",2020,TV-MA,3 Seasons,"Crime TV Shows, TV Dramas, International TV Shows"
s273,Movie,Wildflower,Karen Campbell,United States,"February 12, 2021",2021,PG,90 min,"Dramas, Romantic Movies"
s274,Movie,The Prototype,Gregory Mitchell,United States,"April 21, 2022",2022,PG-13,117 min,"Sci-Fi & Fantasy, Thrillers"
s275,TV Show,The Inheritance,Susan Parker,United Kingdom,"July 9, 2020",2020,TV-14,2 Seasons,"TV Dramas, TV Mysteries"
s276,Movie,Laugh Out Loud,,United States,"October 12, 2021",2021,TV-MA,65 min,"Stand-Up Comedy"
s277,Movie,Bollywood Bonanza,Vikram Singh,India,"December 30, 2019",2019,TV-14,152 min,"Comedies, International Movies, Music & Musicals"
s278,TV Show,Nightshift,Mark Evans,United States,"March 7, 2022",2022,TV-MA,3 Seasons,"TV Dramas"
s279,Movie,Canyon Road,Julie Adams,United States,"June 19, 2021",2021,PG-13,96 min,"Action & Adventure, Dramas"
s280,Movie,The Dive,Benjamin Turner,Australia,"September 10, 2020",2020,PG-13,90 min,"Action & Adventure, International Movies"
s281,TV Show,Hacker's Domain,,United States,"January 17, 2023",2022,TV-MA,1 Season,"TV Dramas, TV Sci-Fi & Fantasy"
s282,Movie,Havana Sunrise,Stephanie Collins,Cuba,"May 23, 2019",2019,TV-14,105 min,"Dramas, International Movies"
s283,Movie,The Offering,Carlos Hernandez,United States,"August 7, 2022",2022,R,84 min,"Horror Movies"
s284,TV Show,Sibling Rivalry,Ashley Stewart,United States,"November 15, 2020",2020,TV-14,4 Seasons,"TV Comedies"
s285,Movie,Peak Performance,Peter Morris,United States,"February 21, 2021",2021,TV-PG,78 min,"Documentaries"
s286,Movie,The Stranger,Rachel Morgan,United Kingdom,"April 16, 2022",2022,TV-MA,95 min,"Thrillers"
s287,TV Show,Heartland Hospital,Tyler Reed,United States,"July 27, 2020",2020,TV-14,2 Seasons,"TV Dramas"
s288,Movie,Spanish Fly,Natalie Cook,Spain,"October 24, 2021",2021,TV-MA,103 min,"Comedies, International Movies"
s289,Movie,Glacier Point,,Canada,"December 7, 2019",2019,PG-13,107 min,"Action & Adventure, Dramas"
s290,TV Show,Quantum Leap Forward,Jason Rogers,United States,"March 24, 2022",2022,TV-14,2 Seasons,"TV Sci-Fi & Fantasy"
s291,Movie,The Preacher,Amanda Bell,United States,"June 4, 2021",2021,R,110 min,"Dramas, Thrillers"
s292,Movie,Marigold Hotel,Priya Sharma,India,"September 16, 2020",2020,TV-PG,135 min,"Comedies, International Movies, Romantic Movies"
s293,TV Show,Survival Island,,United States,"January 8, 2023",2022,TV-14,1 Season,"Reality TV, TV Action & Adventure"
s294,Movie,Outlaw Territory,Sean Murphy,United States,"May 15, 2019",2019,R,118 min,"Action & Adventure"
s295,Movie,Safe Haven,Jennifer Cooper,United States,"August 28, 2022",2022,TV-14,93 min,"Dramas, Romantic Movies"
s296,TV Show,The Codebreakers,William Barnes,United States,"November 20, 2020",2020,TV-MA,3 Seasons,"TV Dramas, TV Mysteries"
s297,Movie,Komorebi,Hiro Nakamura,Japan,"February 28, 2021",2021,TV-14,108 min,"Dramas, International Movies"
s298,Movie,The Verdict,George Powell,United States,"April 9, 2022",2022,R,104 min,"Dramas, Crime Movies"
s299,TV Show,Generation Next,,United States,"July 15, 2020",2020,TV-14,5 Seasons,"TV Dramas"
s300,Movie,Midnight in Paris Texas,Richard Cooper,United States,"October 7, 2021",2021,TV-MA,96 min,"Dramas, Comedies"
s301,TV Show,The Apprentice Files,Sarah Johnson,United States,"March 1, 2022",2022,TV-PG,2 Seasons,"Reality TV"
s302,Movie,Sangam,Arjun Reddy,India,"June 28, 2020",2020,TV-14,143 min,"Dramas, International Movies, Romantic Movies"
s303,Movie,Firewall,Michael Chen,United States,"December 14, 2019",2019,PG-13,101 min,"Thrillers, Sci-Fi & Fantasy"
s304,TV Show,The Diner,Maria Garcia,United States,"September 2, 2022",2022,TV-14,1 Season,"TV Comedies"
s305,Movie,Snowbound,,Canada,"January 20, 2021",2021,PG-13,99 min,"Thrillers, Action & Adventure"
s306,Movie,The Prophet,James Wilson,United States,"May 7, 2019",2019,R,113 min,"Dramas"
s307,TV Show,Guardians of the Reef,Robert Martinez,Australia,"August 13, 2022",2022,TV-PG,2 Seasons,"Docuseries, International TV Shows"
s308,Movie,Capoeira,Fernando Silva,Brazil,"November 3, 2020",2020,TV-14,98 min,"Action & Adventure, International Movies"
s309,Movie,The Whistleblower,Amanda Taylor,United States,"February 9, 2021",2021,R,106 min,"Thrillers, Dramas"
s310,TV Show,Puppet Masters,,United States,"April 25, 2022",2022,TV-MA,3 Seasons,"Crime TV Shows, TV Dramas"
s311,Movie,Summer Solstice,Christopher Brown,United States,"July 21, 2020",2020,TV-14,90 min,"Dramas, Romantic Movies"
s312,Movie,The Vault,Lisa Anderson,United States,"October 30, 2021",2021,PG-13,115 min,"Action & Adventure, Thrillers"
s313,TV Show,School of Life,Daniel Kim,United States,"January 14, 2023",2022,TV-PG,1 Season,"TV Comedies"
s314,Movie,Jaipur Junction,Neha Kapoor,India,"May 18, 2019",2019,TV-PG,128 min,"Comedies, International Movies"
s315,Movie,The Reckoning,Rachel Thompson,United States,"August 20, 2022",2022,R,103 min,"Thrillers, Crime Movies"
s316,TV Show,Enchanted Forest,Kevin Nguyen,United States,"November 11, 2020",2020,TV-G,4 Seasons,"Kids' TV"
s317,Movie,Split Decision,Emily Davis,United States,"February 17, 2021",2021,TV-14,94 min,"Dramas, Thrillers"
s318,Movie,Parisian Love Story,,France,"April 2, 2022",2022,TV-14,101 min,"Romantic Movies, International Movies"
s319,TV Show,The Heist,Andrew Foster,United States,"July 3, 2020",2020,TV-MA,2 Seasons,"Crime TV Shows, TV Dramas"
s320,Movie,Wanderlust,Nicole Moore,United States,"October 16, 2021",2021,PG,88 min,"Comedies, Romantic Movies"
s321,Movie,The Revolution,Steven Clark,Mexico,"December 21, 2019",2019,TV-MA,120 min,"Dramas, International Movies"
s322,TV Show,Night Court,Jennifer White,United States,"March 18, 2022",2022,TV-14,3 Seasons,"TV Comedies, TV Dramas"
s323,Movie,Monsoon Melody,Sanjay Gupta,India,"June 9, 2021",2021,TV-PG,136 min,"Music & Musicals, International Movies"
s324,Movie,The Debt Collector,Thomas Rodriguez,United States,"September 24, 2020",2020,R,97 min,"Action & Adventure, Crime Movies"
s325,TV Show,Tiny Explorers,,United States,"January 22, 2023",2022,TV-G,2 Seasons,"Kids' TV"
s326,Movie,Black Ice,Megan Harris,Canada,"May 26, 2019",2019,PG-13,104 min,"Thrillers"
s327,Movie,The Sculptor,Patrick O'Brien,United States,"August 8, 2022",2022,TV-14,91 min,"Dramas"
s328,TV Show,Battle Royale Academy,Kenji Watanabe,Japan,"November 6, 2020",2020,TV-MA,3 Seasons,"Anime Series, TV Action & Adventure, International TV Shows"
s329,Movie,Firefly Lane,Samantha Lewis,United States,"February 25, 2021",2021,PG,96 min,"Dramas, Romantic Movies"
s330,Movie,The Catch,Brian Walker,United States,"April 13, 2022",2022,PG-13,109 min,"Action & Adventure"
s331,TV Show,Office Politics,,United States,"July 20, 2020",2020,TV-14,4 Seasons,"TV Comedies"
s332,Movie,Crossroads of Fate,Christina Hall,United States,"October 3, 2021",2021,TV-14,98 min,"Dramas"
s333,Movie,Riverside Blues,Matthew Young,United States,"December 10, 2019",2019,R,87 min,"Music & Musicals, Dramas"
s334,TV Show,The Surgeon,Laura Allen,United States,"March 5, 2022",2022,TV-MA,2 Seasons,"TV Dramas"
s335,Movie,Nirvana,Deepika Malhotra,India,"June 23, 2021",2021,TV-14,139 min,"Dramas, International Movies"
s336,Movie,Sky High,Jonathan King,United States,"September 4, 2020",2020,PG,95 min,"Children & Family Movies, Sci-Fi & Fantasy"
s337,TV Show,The Negotiator,Rebecca Wright,United Kingdom,"January 5, 2023",2022,TV-MA,1 Season,"TV Dramas, Crime TV Shows"
s338,Movie,El Mariachi Nuevo,Pablo Ramirez,Mexico,"May 11, 2019",2019,TV-14,102 min,"Dramas, International Movies, Music & Musicals"
s339,Movie,The Alibi,,United States,"August 15, 2022",2022,R,93 min,"Thrillers, Crime Movies"
s340,TV Show,Midnight Diner,Eric Scott,United States,"November 22, 2020",2020,TV-14,3 Seasons,"TV Dramas"
s341,Movie,Aurora Borealis,Michelle Green,United States,"February 13, 2021",2021,PG-13,110 min,"Dramas, Sci-Fi & Fantasy"
s342,Movie,Adrenaline Rush,Alex Rivera,United States,"April 19, 2022",2022,PG-13,105 min,"Action & Adventure"
s343,TV Show,The Collective,Diana Torres,United States,"July 8, 2020",2020,TV-MA,2 Seasons,"TV Dramas, TV Sci-Fi & Fantasy"
s344,Movie,Dance Revolution,Ryan Phillips,United States,"October 26, 2021",2021,TV-PG,92 min,"Music & Musicals"
s345,Movie,The Alchemist,,India,"December 3, 2019",2019,TV-14,145 min,"Dramas, International Movies"
s346,TV Show,Farm to Table,Karen Campbell,United States,"March 11, 2022",2022,TV-G,1 Season,"Reality TV, Docuseries"
s347,Movie,Shattered Glass,Gregory Mitchell,United States,"June 17, 2021",2021,R,94 min,"Thrillers, Dramas"
s348,Movie,Standing Ovation,Susan Parker,United States,"September 9, 2020",2020,TV-MA,71 min,"Stand-Up Comedy"
s349,TV Show,The Librarian,Mark Evans,United Kingdom,"January 18, 2023",2022,TV-14,2 Seasons,"TV Mysteries, TV Dramas"
s350,Movie,Jungle Fever Dreams,Julie Adams,United States,"May 4, 2019",2019,R,100 min,"Dramas, Thrillers"
s351,Movie,The Pledge,Benjamin Turner,United States,"August 24, 2022",2022,TV-14,88 min,"Dramas"
s352,TV Show,Neon Genesis,Min-jun Kim,South Korea,"November 16, 2020",2020,TV-MA,3 Seasons,"TV Sci-Fi & Fantasy, International TV Shows"
s353,Movie,Red Carpet,Stephanie Collins,United States,"February 4, 2021",2021,TV-PG,85 min,"Documentaries"
s354,Movie,Mercy Street,Carlos Hernandez,United States,"April 22, 2022",2022,R,101 min,"Dramas, Crime Movies"
s355,TV Show,The Ranch Hands,,United States,"July 14, 2020",2020,TV-14,4 Seasons,"TV Dramas, TV Comedies"
s356,Movie,Land of the Rising Sun,Ashley Stewart,Japan,"October 18, 2021",2021,TV-14,112 min,"Dramas, International Movies"
s357,Movie,Coral Reef,Peter Morris,Australia,"December 15, 2019",2019,TV-PG,83 min,"Documentaries, International Movies"
s358,TV Show,Lab Rats,Rachel Morgan,United States,"March 28, 2022",2022,TV-14,1 Season,"TV Sci-Fi & Fantasy, TV Comedies"
s359,Movie,End Game,Tyler Reed,United States,"June 11, 2021",2021,R,116 min,"Thrillers, Action & Adventure"
s360,Movie,The Reunion,,United States,"September 20, 2020",2020,TV-14,97 min,"Comedies, Dramas"
s361,TV Show,Blood Ties,Natalie Cook,United States,"January 12, 2023",2022,TV-MA,2 Seasons,"TV Dramas, Crime TV Shows"
s362,Movie,Marrakech Express,Jason Rogers,Morocco,"May 16, 2019",2019,TV-14,104 min,"Action & Adventure, International Movies"
s363,Movie,The Glass Ceiling,Amanda Bell,United States,"August 5, 2022",2022,TV-14,90 min,"Dramas"
s364,TV Show,The Wilderness,Sean Murphy,United States,"November 9, 2020",2020,TV-PG,3 Seasons,"Docuseries"
s365,Movie,Zero Hour,Jennifer Cooper,United States,"February 20, 2021",2021,PG-13,108 min,"Sci-Fi & Fantasy, Thrillers"
s366,Movie,Autumn Leaves,William Barnes,United States,"April 5, 2022",2022,PG,93 min,"Dramas, Romantic Movies"
s367,TV Show,Spy Games,,United Kingdom,"July 26, 2020",2020,TV-MA,2 Seasons,"TV Action & Adventure, TV Dramas"
s368,Movie,The Interpreter,George Powell,France,"October 9, 2021",2021,PG-13,99 min,"Thrillers, International Movies"
s369,Movie,Bollywood Dreams Come True,Raj Patel,India,"December 28, 2019",2019,TV-14,150 min,"Romantic Movies, International Movies, Music & Musicals"
s370,TV Show,College Daze,Richard Cooper,United States,"March 17, 2022",2022,TV-14,3 Seasons,"TV Comedies"
s371,Movie,City of Angels Falls,Sarah Johnson,United States,"June 30, 2021",2021,R,107 min,"Crime Movies, Dramas"
s372,Movie,Namaste London,Priya Sharma,India,"September 12, 2020",2020,TV-PG,125 min,"Comedies, International Movies"
s373,TV Show,The Silent Treatment,Michael Chen,United States,"January 25, 2023",2022,TV-MA,1 Season,"TV Dramas, TV Mysteries"
s374,Movie,Snowfall,Maria Garcia,United States,"May 20, 2019",2019,TV-14,94 min,"Dramas"
s375,Movie,The Passenger,,United States,"August 18, 2022",2022,R,98 min,"Thrillers"
s376,TV Show,Coastal Living,James Wilson,United States,"November 13, 2020",2020,TV-PG,4 Seasons,"Reality TV"
s377,Movie,Sunset Boulevard Revisited,Robert Martinez,United States,"February 7, 2021",2021,TV-14,103 min,"Dramas"
s378,Movie,Kung Fu Panda Dreams,Amanda Taylor,China,"April 17, 2022",2022,PG,95 min,"Action & Adventure, International Movies"
s379,TV Show,The Academy,Christopher Brown,United States,"July 5, 2020",2020,TV-14,2 Seasons,"TV Dramas"
s380,Movie,Flamenco Nights,Lucia Torres,Spain,"October 21, 2021",2021,TV-14,106 min,"Dramas, International Movies, Music & Musicals"
s381,Movie,Redemption Road,,United States,"December 6, 2019",2019,R,114 min,"Dramas, Action & Adventure"
s382,TV Show,Data Point,Lisa Anderson,United States,"March 10, 2022",2022,TV-14,1 Season,"Docuseries"
s383,Movie,The Cartographer,Daniel Kim,United States,"June 20, 2021",2021,TV-PG,88 min,"Dramas"
s384,Movie,Hurricane Season,Rachel Thompson,United States,"September 8, 2020",2020,PG-13,100 min,"Action & Adventure, Dramas"
s385,TV Show,Misfits United,Kevin Nguyen,United States,"January 8, 2023",2022,TV-14,2 Seasons,"TV Comedies"
s386,Movie,Ganges,Vikram Singh,India,"May 13, 2019",2019,TV-MA,140 min,"Dramas, International Movies"
s387,Movie,Smoke and Mirrors,Emily Davis,United States,"August 25, 2022",2022,PG-13,97 min,"Thrillers, Crime Movies"
s388,TV Show,Witch Academy,,United States,"November 20, 2020",2020,TV-14,3 Seasons,"TV Sci-Fi & Fantasy, TV Dramas"
s389,Movie,The Fisherman,Andrew Foster,United Kingdom,"February 15, 2021",2021,TV-14,92 min,"Dramas"
s390,Movie,Kabuki Nights,Akira Suzuki,Japan,"April 10, 2022",2022,TV-14,115 min,"Dramas, International Movies"
s391,TV Show,The Verdict Files,Nicole Moore,United States,"July 16, 2020",2020,TV-MA,4 Seasons,"Crime TV Shows, TV Dramas"
s392,Movie,Marathon Man Returns,Steven Clark,United States,"October 13, 2021",2021,PG-13,105 min,"Action & Adventure, Dramas"
s393,Movie,The Quiet Ones,,United States,"December 19, 2019",2019,TV-MA,86 min,"Dramas"
s394,TV Show,Seoul Kitchen,Soo-yeon Park,South Korea,"March 22, 2022",2022,TV-PG,1 Season,"TV Comedies, International TV Shows"
s395,Movie,Gold Rush,Jennifer White,United States,"June 13, 2021",2021,PG-13,109 min,"Action & Adventure"
s396,Movie,Nigerian Prince,Nkechi Eze,Nigeria,"September 18, 2020",2020,TV-MA,96 min,"Comedies, International Movies"
s397,TV Show,The Orphanage,Thomas Rodriguez,United States,"January 19, 2023",2022,TV-MA,2 Seasons,"TV Dramas, TV Mysteries"
s398,Movie,Northern Lights,Megan Harris,Canada,"May 25, 2019",2019,TV-14,100 min,"Dramas, Romantic Movies"
s399,Movie,The Butcher,Patrick O'Brien,United States,"August 12, 2022",2022,R,89 min,"Thrillers, Crime Movies"
s400,TV Show,Galaxy Bound,,United States,"November 26, 2020",2020,TV-14,3 Seasons,"TV Sci-Fi & Fantasy"
s401,Movie,Silent Valley,Samantha Lewis,United States,"February 22, 2021",2021,TV-14,91 min,"Dramas"
s402,Movie,The Matchmaker,Brian Walker,United States,"April 28, 2022",2022,PG,94 min,"Romantic Movies, Comedies"
s403,TV Show,Street Racers,Christina Hall,United States,"July 22, 2020",2020,TV-MA,2 Seasons,"TV Action & Adventure"
s404,Movie,Himalayan Dawn,Sanjay Gupta,India,"October 5, 2021",2021,TV-PG,131 min,"Documentaries, International Movies"
s405,Movie,Deep Blue Sea Story,,United States,"December 12, 2019",2019,PG-13,102 min,"Action & Adventure, Thrillers"
s406,TV Show,The Therapist,Matthew Young,United States,"March 4, 2022",2022,TV-MA,1 Season,"TV Dramas"
s407,Movie,Central Park West,Laura Allen,United States,"June 25, 2021",2021,TV-14,95 min,"Dramas, Romantic Movies"
s408,Movie,Samba Sunset,Rosa Delgado,Brazil,"September 14, 2020",2020,TV-14,107 min,"Music & Musicals, International Movies"
s409,TV Show,The Comeback Trail,Jonathan King,United States,"January 15, 2023",2022,TV-14,2 Seasons,"TV Dramas"
s410,Movie,Monster Under the Bed,Rebecca Wright,United States,"May 8, 2019",2019,PG,88 min,"Children & Family Movies"
s411,Movie,The Keeper,Eric Scott,United States,"August 29, 2022",2022,TV-MA,100 min,"Dramas, Thrillers"
s412,TV Show,Dragon Slayers,Kenji Watanabe,Japan,"November 4, 2020",2020,TV-14,3 Seasons,"Anime Series, International TV Shows"
s413,Movie,Gravel Road,Michelle Green,United States,"February 10, 2021",2021,R,93 min,"Dramas"
s414,Movie,The Widow,Alex Rivera,United Kingdom,"April 15, 2022",2022,TV-MA,97 min,"Thrillers, Dramas"
s415,TV Show,Pioneer Days,,United States,"July 10, 2020",2020,TV-PG,4 Seasons,"TV Dramas"
s416,Movie,The Collector,Diana Torres,United States,"October 23, 2021",2021,R,88 min,"Thrillers, Horror Movies"
s417,Movie,Amazonia Rising,Ryan Phillips,Brazil,"December 25, 2019",2019,TV-14,105 min,"Dramas, International Movies"
s418,TV Show,Club Crimson,Karen Campbell,United States,"March 19, 2022",2022,TV-MA,2 Seasons,"TV Dramas, TV Mysteries"
s419,Movie,Lullaby,Gregory Mitchell,France,"June 6, 2021",2021,TV-14,96 min,"Dramas, International Movies"
s420,Movie,The Long Shot,Susan Parker,United States,"September 21, 2020",2020,PG-13,103 min,"Comedies, Romantic Movies"
s421,TV Show,Operation Sandstorm,Mark Evans,United States,"January 28, 2023",2022,TV-MA,1 Season,"TV Action & Adventure, TV Dramas"
s422,Movie,Harvest Moon,,United States,"May 17, 2019",2019,PG,89 min,"Dramas, Romantic Movies"
s423,Movie,Border Crossing,Julie Adams,Mexico,"August 6, 2022",2022,TV-MA,112 min,"Dramas, International Movies, Thrillers"
s424,TV Show,The Pit Crew,Benjamin Turner,United States,"November 17, 2020",2020,TV-14,3 Seasons,"TV Comedies"
s425,Movie,Glass Palace,Stephanie Collins,United States,"February 27, 2021",2021,TV-14,98 min,"Dramas"
s426,Movie,The Stakeout,Carlos Hernandez,United States,"April 8, 2022",2022,R,101 min,"Crime Movies, Thrillers"
s427,TV Show,Island Paradise,,United States,"July 28, 2020",2020,TV-PG,2 Seasons,"Reality TV"
s428,Movie,Diwali Lights,Deepika Malhotra,India,"October 19, 2021",2021,TV-PG,133 min,"Comedies, International Movies"
s429,Movie,Trail Blazer,Ashley Stewart,United States,"December 9, 2019",2019,PG-13,106 min,"Action & Adventure"
s430,TV Show,The Judges,Peter Morris,United States,"March 13, 2022",2022,TV-MA,2 Seasons,"TV Dramas, Crime TV Shows"
s431,Movie,Lost and Found,Rachel Morgan,United States,"June 15, 2021",2021,PG,90 min,"Children & Family Movies"
s432,Movie,The Other Side,,United States,"September 25, 2020",2020,R,95 min,"Thrillers, Sci-Fi & Fantasy"
s433,TV Show,Vineyard Vines,Tyler Reed,United States,"January 10, 2023",2022,TV-14,1 Season,"TV Dramas, Romantic TV Shows"
s434,Movie,Bamboo Forest,Natalie Cook,China,"May 22, 2019",2019,TV-14,108 min,"Dramas, International Movies"
s435,Movie,Reclaim,Jason Rogers,United States,"August 16, 2022",2022,PG-13,100 min,"Action & Adventure, Dramas"
s436,TV Show,Teen Wolf Chronicles,Amanda Bell,United States,"November 10, 2020",2020,TV-14,4 Seasons,"TV Sci-Fi & Fantasy, TV Dramas"
s437,Movie,The Lookout,Sean Murphy,United States,"February 18, 2021",2021,R,92 min,"Thrillers, Crime Movies"
s438,Movie,Provence Summer,Sophie Laurent,France,"April 24, 2022",2022,TV-PG,99 min,"Romantic Movies, International Movies"
s439,TV Show,Oil Country,,United States,"July 4, 2020",2020,TV-MA,3 Seasons,"TV Dramas"
s440,Movie,The Promise,Jennifer Cooper,United States,"October 27, 2021",2021,TV-14,96 min,"Dramas"
s441,Movie,Lagos to London,Chioma Adeyemi,Nigeria,"December 20, 2019",2019,TV-14,110 min,"Dramas, International Movies"
s442,TV Show,Phantom Thieves,Ji-hoon Lee,South Korea,"March 8, 2022",2022,TV-MA,2 Seasons,"Crime TV Shows, International TV Shows"
s443,Movie,Paper Trail,William Barnes,United States,"June 22, 2021",2021,R,97 min,"Thrillers, Crime Movies"
s444,Movie,Uncharted Waters,George Powell,United States,"September 5, 2020",2020,PG-13,113 min,"Action & Adventure"
s445,TV Show,The Bistro,,United States,"January 22, 2023",2022,TV-14,1 Season,"TV Comedies"
s446,Movie,Bangalore Bytes,Arjun Reddy,India,"May 3, 2019",2019,TV-14,126 min,"Comedies, International Movies"
s447,Movie,After the Storm,Richard Cooper,United States,"August 20, 2022",2022,TV-14,90 min,"Dramas"
s448,TV Show,The Ward,Sarah Johnson,United States,"November 23, 2020",2020,TV-MA,3 Seasons,"TV Dramas"
s449,Movie,Neon City,Michael Chen,United States,"February 5, 2021",2021,PG-13,108 min,"Sci-Fi & Fantasy, Action & Adventure"
s450,Movie,The Pact,,Germany,"April 18, 2022",2022,TV-MA,96 min,"Thrillers, International Movies"
s451,TV Show,Fresh Start,Maria Garcia,United States,"July 17, 2020",2020,TV-14,2 Seasons,"TV Comedies"
s452,Movie,Silk Road Odyssey,James Wilson,China,"October 14, 2021",2021,TV-14,118 min,"Action & Adventure, International Movies"
s453,Movie,The Witness,Robert Martinez,United States,"December 16, 2019",2019,R,95 min,"Thrillers, Crime Movies"
s454,TV Show,Battle Chef,Amanda Taylor,United States,"March 25, 2022",2022,TV-PG,1 Season,"Reality TV"
s455,Movie,Running on Empty,Christopher Brown,United States,"June 8, 2021",2021,TV-14,94 min,"Dramas"
s456,Movie,The Puppeteer,Lisa Anderson,United States,"September 17, 2020",2020,R,101 min,"Thrillers, Horror Movies"
s457,TV Show,High Roller,,United States,"January 5, 2023",2022,TV-MA,2 Seasons,"TV Dramas, Crime TV Shows"
s458,Movie,Rajasthan Sunset,Neha Kapoor,India,"May 14, 2019",2019,TV-PG,137 min,"Dramas, International Movies"
s459,Movie,One Last Job,Daniel Kim,United States,"August 10, 2022",2022,R,107 min,"Crime Movies, Action & Adventure"
s460,TV Show,The Commune,Rachel Thompson,United States,"November 6, 2020",2020,TV-MA,3 Seasons,"TV Dramas, TV Mysteries"
s461,Movie,Brave New Day,Kevin Nguyen,United States,"February 23, 2021",2021,TV-14,89 min,"Dramas"
s462,Movie,Costa Rica Calling,Emily Davis,Costa Rica,"April 11, 2022",2022,TV-PG,96 min,"Documentaries, International Movies"
s463,TV Show,The Pitch,,United States,"July 24, 2020",2020,TV-14,4 Seasons,"TV Dramas"
s464,Movie,Stone Cold,Andrew Foster,United States,"October 31, 2021",2021,R,93 min,"Thrillers, Action & Adventure"
s465,Movie,Butterfly Effect,Nicole Moore,United States,"December 23, 2019",2019,PG-13,105 min,"Sci-Fi & Fantasy, Dramas"
s466,TV Show,The Fixers,Steven Clark,United States,"March 14, 2022",2022,TV-MA,2 Seasons,"TV Dramas, Crime TV Shows"
s467,Movie,Chennai Express Way,Priya Sharma,India,"June 27, 2021",2021,TV-14,142 min,"Action & Adventure, International Movies, Comedies"
s468,Movie,Dark Skies,Jennifer White,United States,"September 10, 2020",2020,PG-13,99 min,"Sci-Fi & Fantasy, Thrillers"
s469,TV Show,Last Resort,,United States,"January 17, 2023",2022,TV-MA,1 Season,"TV Action & Adventure, TV Dramas"
s470,Movie,The Explorer,Thomas Rodriguez,United States,"May 19, 2019",2019,TV-PG,84 min,"Documentaries"
s471,Movie,Tidal Wave,Megan Harris,United States,"August 23, 2022",2022,PG-13,110 min,"Action & Adventure"
s472,TV Show,Cooking Under Fire,Patrick O'Brien,United States,"November 12, 2020",2020,TV-PG,3 Seasons,"Reality TV"
s473,Movie,Sweet Revenge,Samantha Lewis,United States,"February 11, 2021",2021,R,96 min,"Thrillers, Comedies"
s474,Movie,Passage Through Time,,United Kingdom,"April 6, 2022",2022,PG-13,112 min,"Sci-Fi & Fantasy, Dramas"
s475,TV Show,The Lodge,Brian Walker,United States,"July 7, 2020",2020,TV-14,2 Seasons,"TV Mysteries, TV Dramas"
s476,Movie,Kite Runner Stories,Christina Hall,Afghanistan,"October 8, 2021",2021,TV-14,118 min,"Dramas, International Movies"
s477,Movie,No Man's Land,Matthew Young,United States,"December 29, 2019",2019,R,100 min,"Action & Adventure, Dramas"
s478,TV Show,Codebreaker,Laura Allen,United Kingdom,"March 21, 2022",2022,TV-MA,2 Seasons,"TV Dramas, TV Mysteries"
s479,Movie,Garden of Eden,Jonathan King,United States,"June 3, 2021",2021,PG,91 min,"Dramas, Romantic Movies"
s480,Movie,Okinawa Sunset,Hiro Nakamura,Japan,"September 15, 2020",2020,TV-14,103 min,"Dramas, International Movies"
s481,TV Show,Fight Night,,United States,"January 9, 2023",2022,TV-MA,1 Season,"TV Action & Adventure"
s482,Movie,The Locksmith,Rebecca Wright,United States,"May 6, 2019",2019,R,95 min,"Crime Movies, Thrillers"
s483,Movie,Windswept,Eric Scott,United States,"August 14, 2022",2022,TV-14,88 min,"Dramas"
s484,TV Show,The Chronicle,Michelle Green,United States,"November 19, 2020",2020,TV-14,4 Seasons,"TV Dramas"
s485,Movie,Love and Other Disasters,Alex Rivera,United States,"February 16, 2021",2021,PG-13,97 min,"Romantic Movies, Comedies"
s486,Movie,Desert Rose,,India,"April 20, 2022",2022,TV-14,134 min,"Dramas, International Movies"
s487,TV Show,The Defenders,Diana Torres,United States,"July 13, 2020",2020,TV-MA,3 Seasons,"TV Action & Adventure, TV Dramas"
s488,Movie,Rhine Valley,Hans Mueller,Germany,"October 25, 2021",2021,TV-PG,94 min,"Dramas, International Movies"
s489,Movie,Jackpot,Ryan Phillips,United States,"December 8, 2019",2019,PG-13,100 min,"Comedies, Action & Adventure"
s490,TV Show,Morning Show,Karen Campbell,United States,"March 2, 2022",2022,TV-14,2 Seasons,"TV Comedies, TV Dramas"
s491,Movie,The Summit,Gregory Mitchell,United States,"June 18, 2021",2021,PG-13,108 min,"Action & Adventure, Dramas"
s492,Movie,Cape Town Stories,Susan Parker,South Africa,"September 22, 2020",2020,TV-14,102 min,"Dramas, International Movies"
s493,TV Show,Runaway Bride Club,,United States,"January 26, 2023",2022,TV-14,1 Season,"TV Comedies, Romantic TV Shows"
s494,Movie,Thunder Road,Mark Evans,United States,"May 10, 2019",2019,R,111 min,"Action & Adventure"
s495,Movie,The Naturalist,Julie Adams,United States,"August 27, 2022",2022,TV-PG,86 min,"Documentaries"
s496,TV Show,Shadow Realm,Benjamin Turner,United States,"November 21, 2020",2020,TV-MA,3 Seasons,"TV Sci-Fi & Fantasy, TV Action & Adventure"
s497,Movie,Once Upon a Lie,Stephanie Collins,United States,"February 19, 2021",2021,R,93 min,"Thrillers"
s498,Movie,Mystic River Falls,Carlos Hernandez,United States,"April 25, 2022",2022,TV-MA,98 min,"Dramas, Thrillers"
s499,TV Show,The Getaway,Ashley Stewart,United States,"July 31, 2020",2020,TV-14,2 Seasons,"TV Action & Adventure, TV Comedies"
s500,Movie,Final Curtain,,United States,"October 1, 2021",2021,R,104 min,"Dramas, Thrillers"
